{"CAMERAS": {"camera00": {"type": "PerspectiveCamera", "fieldOfView": 45, "near": 0.1, "far": 2000, "position": {"x": [0, 0, 0, 0, 0, -40, -20, 20, 40, 0, 0, 0, 0, 110.0, 55.000000000000014, -54.99999999999998, -110.0, -55.00000000000005, 54.99999999999992, 0, 0, 0, 0, 0, 0, 0, 0, 0, 0, 0, 0, 0, 0, 0, 0, 0, 0, 0, 0], "y": [0], "z": [110.0, 110.0, 110.0, 110.0, 110.0, 110.0, 110.0, 110.0, 110.0, 80.0, 95.0, 125.0, 140.0, 0.0, 95.26279441628824, 95.26279441628827, 1.3471114790620885e-14, -95.26279441628822, -95.2627944162883, 110.0, 110.0, 110.0, 110.0, 110.0, 110.0, 110.0, 110.0, 110.0, 110.0, 110.0, 110.0, 110.0, 110.0, 110.0, 110.0, 110.0, 110.0, 110.0, 110.0]}, "targetTHREEJS": {"x": [0, -29.474411167423497, -14.481774734613541, 14.481774734613541, 29.474411167423497, 0, 0, 0, 0, 0, 0, 0, 0, 0, 0, 0, 0, 0, 0, 0, 0, 0, 0, 0, 0, 0, 0, 0, 0, 0, 0, 0, 0, 0, 0, 0, 0, 0, 0], "y": [0], "z": [0]}, "visible": [1]}}, "LIGHTS": {"light00": {"type": "DirectionalLight", "color": "0xffffff", "intensity": [5], "position": {"x": [0], "y": [20, 20, 20, 20, 20, 20, 20, 20, 20, 20, 20, 20, 20, 20, 20, 20, 20, 20, 20, 20, 20, 20, 20, 20, 20, 20, 20, 20, 20, 20, 20, -40, -20, 20, 40, 20, 20, 20, 20], "z": [1]}, "visible": [1]}, "light01": {"type": "AmbientLight", "color": "0xffffff", "intensity": [5], "position": {"x": [0], "y": [1], "z": [1]}, "visible": [1]}}, "OBJECTS": {"obj0": {"meshpath": "/mkturkfiles/assets/objaverse_final/ambulance/41574a23a9ae4c9d990ffe672af6281e.glb", "objectdoc": "", "texture": "true", "material": {"type": "MeshPhysicalMaterial", "color": "#7F7F7F", "metalness": 0.25, "roughness": 0.65, "reflectivity": 0.5, "opacity": [1], "transparent": "false"}, "sizeTHREEJS": [5], "positionTHREEJS": {"x": [0, 0, 0, 0, 0, 0, 0, 0, 0, 0, 0, 0, 0, 0, 0, 0, 0, 0, 0, 0, 0, 0, 0, -10, -5, 5, 10, 0, 0, 0, 0, 0, 0, 0, 0, 0, 0, 0, 0], "y": [2], "z": [0, 0, 0, 0, 0, 0, 0, 0, 0, 0, 0, 0, 0, 0, 0, 0, 0, 0, 0, 0, 0, 0, 0, 0, 0, 0, 0, -30, -15, 15, 30, 0, 0, 0, 0, 0, 0, 0, 0]}, "rotationDegrees": {"x": [0], "y": [2, 2, 2, 2, 2, 2, 2, 2, 2, 2, 2, 2, 2, 2, 2, 2, 2, 2, 2, -60, -30, 30, 60, 2, 2, 2, 2, 2, 2, 2, 2, 2, 2, 2, 2, 2, 2, 2, 2], "z": [0]}, "visible": [1]}, "obj1": {"meshpath": "/mkturkfiles/assets/objaverse_final/ambulance/41574a23a9ae4c9d990ffe672af6281e.glb", "objectdoc": "", "texture": "true", "material": {"type": "MeshPhysicalMaterial", "color": "#7F7F7F", "metalness": 0.25, "roughness": 0.65, "reflectivity": 0.5, "opacity": [1], "transparent": "false"}, "sizeTHREEJS": [5], "positionTHREEJS": {"x": [-1.7320508075688772, -1.7320508075688772, -1.7320508075688772, -1.7320508075688772, -1.7320508075688772, -1.7320508075688772, -1.7320508075688772, -1.7320508075688772, -1.7320508075688772, -1.7320508075688772, -1.7320508075688772, -1.7320508075688772, -1.7320508075688772, -1.7320508075688772, -1.7320508075688772, -1.7320508075688772, -1.7320508075688772, -1.7320508075688772, -1.7320508075688772, -1.7320508075688772, -1.7320508075688772, -1.7320508075688772, -1.7320508075688772, -1.7320508075688772, -1.7320508075688772, -1.7320508075688772, -1.7320508075688772, -1.7320508075688772, -1.7320508075688772, -1.7320508075688772, -1.7320508075688772, -1.7320508075688772, -1.7320508075688772, -1.7320508075688772, -1.7320508075688772, -1.7320508075688772, -1.7320508075688772, -1.7320508075688772, -1.7320508075688772], "y": [-1.0], "z": [0, 0, 0, 0, 0, 0, 0, 0, 0, 0, 0, 0, 0, 0, 0, 0, 0, 0, 0, 0, 0, 0, 0, 0, 0, 0, 0, 0, 0, 0, 0, 0, 0, 0, 0, 0, 0, 0, 0]}, "rotationDegrees": {"x": [0], "y": [-1.0, -1.0, -1.0, -1.0, -1.0, -1.0, -1.0, -1.0, -1.0, -1.0, -1.0, -1.0, -1.0, -1.0, -1.0, -1.0, -1.0, -1.0, -1.0, -1.0, -1.0, -1.0, -1.0, -1.0, -1.0, -1.0, -1.0, -1.0, -1.0, -1.0, -1.0, -1.0, -1.0, -1.0, -1.0, -1.0, -1.0, -1.0, -1.0], "z": [0]}, "visible": [0]}, "obj2": {"meshpath": "/mkturkfiles/assets/objaverse_final/ambulance/41574a23a9ae4c9d990ffe672af6281e.glb", "objectdoc": "", "texture": "true", "material": {"type": "MeshPhysicalMaterial", "color": "#7F7F7F", "metalness": 0.25, "roughness": 0.65, "reflectivity": 0.5, "opacity": [1], "transparent": "false"}, "sizeTHREEJS": [5], "positionTHREEJS": {"x": [1.7320508075688772, 1.7320508075688772, 1.7320508075688772, 1.7320508075688772, 1.7320508075688772, 1.7320508075688772, 1.7320508075688772, 1.7320508075688772, 1.7320508075688772, 1.7320508075688772, 1.7320508075688772, 1.7320508075688772, 1.7320508075688772, 1.7320508075688772, 1.7320508075688772, 1.7320508075688772, 1.7320508075688772, 1.7320508075688772, 1.7320508075688772, 1.7320508075688772, 1.7320508075688772, 1.7320508075688772, 1.7320508075688772, 1.7320508075688772, 1.7320508075688772, 1.7320508075688772, 1.7320508075688772, 1.7320508075688772, 1.7320508075688772, 1.7320508075688772, 1.7320508075688772, 1.7320508075688772, 1.7320508075688772, 1.7320508075688772, 1.7320508075688772, 1.7320508075688772, 1.7320508075688772, 1.7320508075688772, 1.7320508075688772], "y": [-1.0], "z": [0, 0, 0, 0, 0, 0, 0, 0, 0, 0, 0, 0, 0, 0, 0, 0, 0, 0, 0, 0, 0, 0, 0, 0, 0, 0, 0, 0, 0, 0, 0, 0, 0, 0, 0, 0, 0, 0, 0]}, "rotationDegrees": {"x": [0], "y": [-1.0, -1.0, -1.0, -1.0, -1.0, -1.0, -1.0, -1.0, -1.0, -1.0, -1.0, -1.0, -1.0, -1.0, -1.0, -1.0, -1.0, -1.0, -1.0, -1.0, -1.0, -1.0, -1.0, -1.0, -1.0, -1.0, -1.0, -1.0, -1.0, -1.0, -1.0, -1.0, -1.0, -1.0, -1.0, -1.0, -1.0, -1.0, -1.0], "z": [0]}, "visible": [0]}}, "IMAGES": {"imagebag": "/mkturkfiles/assets/polyhaven/", "imageidx": [0], "sizeTHREEJS": [200]}, "OBJECTFILTERS": {"blur": [], "brightness": [], "contrast": [], "grayscale": [], "huerotate": [0, 0, 0, 0, 0, 0, 0, 0, 0, 0, 0, 0, 0, 0, 0, 0, 0, 0, 0, 0, 0, 0, 0, 0, 0, 0, 0, 0, 0, 0, 0, 0, 0, 0, 0, -120, -60, 60, 120], "invert": [], "opacity": [], "saturate": [], "sepia": []}, "IMAGEFILTERS": {"blur": [], "brightness": [], "contrast": [], "grayscale": [], "huerotate": [0, 0, 0, 0, 0, 0, 0, 0, 0, 0, 0, 0, 0, 0, 0, 0, 0, 0, 0, 0, 0, 0, 0, 0, 0, 0, 0, 0, 0, 0, 0, 0, 0, 0, 0, -120, -60, 60, 120], "invert": [], "opacity": [], "saturate": [], "sepia": []}, "durationMS": 500}